{
<<<<<<< Updated upstream
  "f1_scores": [
    0,
    0,
    0,
    0,
    0,
    0,
    0,
    0,
    0,
    0,
    0,
    0,
    0,
    0,
    0,
    0,
    0,
    0,
    0,
    0,
    0,
    0,
    0,
    0,
    0,
    0,
    0,
    0,
    0,
    0,
    0,
    0,
    0.08333333333333334,
    0,
    0,
    0,
    0,
    0,
    0,
    0.2962962962962963,
    0.22222222222222218,
    0.07142857142857142,
    0,
    0,
    0,
    0,
    0,
    0,
    0,
    0,
    0,
    0,
    0,
    0,
    0,
    0,
    0,
    0,
    0,
    0.08695652173913042,
    0.07692307692307693,
    0,
    0,
    0,
    0,
    0,
    0,
    0,
    0,
    0,
    0.1818181818181818,
    0.08333333333333333,
    0.08695652173913045,
    0,
    0,
    0,
    0,
    0,
    0,
    0,
    0,
    0,
    0,
    0,
    0,
    0,
    0,
    0,
    0,
    0,
    0,
    0,
    0,
    0,
    0,
    0,
    0.1739130434782609,
    0.08,
    0,
    0,
    0,
    0,
    0,
    0,
    0,
    0,
    0,
    0,
    0,
    0,
    0,
    0,
    0.08333333333333334,
    0,
    0,
    0,
    0,
    0,
    0,
    0,
    0,
    0,
    0,
    0,
    0,
    0,
    0.06896551724137931,
    0.07407407407407407,
    0.09523809523809523,
    0.07407407407407408,
    0,
    0,
    0,
    0,
    0,
    0,
    0,
    0,
    0,
    0,
    0,
    0,
    0,
    0,
    0,
    0.07692307692307691,
    0,
    0,
    0,
    0.08695652173913045
  ],
  "generation_times": [
    11.76805651653558,
    10.810841774567962,
    11.118073197081685,
    10.95778289809823,
    11.112364093773067,
    10.861824927851558,
    10.766696813516319,
    11.250627097673714,
    114.41136129945517,
    11.249897371977568,
    11.233483110554516,
    11.324505807831883,
    11.698913016356528,
    10.578301660716534,
    10.994316194206476,
    11.739511621184647,
    11.467298029921949,
    11.624839833006263,
    11.537678771652281,
    10.846185025759041,
    10.990436009131372,
    11.417796135880053,
    11.886761777102947,
    11.111873786896467,
    11.34880967065692,
    12.173835909925401,
    11.078256132081151,
    11.777197745628655,
    11.09773898217827,
    11.544792510569096,
    10.119156505912542,
    11.306085664778948,
    11.066880610771477,
    10.113274979405105,
    10.992234920151532,
    11.183853476308286,
    11.45608913525939,
    11.492336796596646,
    11.108411074616015,
    10.95071142539382,
    11.151546055451035,
    12.749600469134748,
    9.254268616437912,
    10.74035598244518,
    10.567267149686813,
    11.080339866690338,
    11.035410826094449,
    11.0500632757321,
    10.871075387112796,
    11.354053375311196,
    10.731364491395652,
    11.463443761691451,
    11.342843438498676,
    10.15238076634705,
    10.932862430810928,
    11.431732228025794,
    10.936562402173877,
    11.144717991352081,
    11.057758752256632,
    11.495821107178926,
    10.391932972706854,
    10.37343748472631,
    11.457910756580532,
    11.364324287511408,
    10.579092188738286,
    11.318797181360424,
    10.65139936748892,
    12.386346005834639,
    11.081017630174756,
    11.243840457871556,
    10.127071565948427,
    11.363695324398577,
    11.55811541620642,
    15.194482489489019,
    14.996535859070718,
    14.837332239374518,
    11.248819425702095,
    11.55789415538311,
    10.78604360949248,
    11.541412498801947,
    11.5608169157058,
    13.301360148005188,
    12.470168541185558,
    11.558614941313863,
    11.023261460475624,
    11.308034567162395,
    11.183713178150356,
    10.96823388710618,
    13.23771602101624,
    12.751611554063857,
    13.408041653223336,
    10.709798390045762,
    10.797694653272629,
    10.05887493211776,
    10.52343120239675,
    11.359981223009527,
    12.112946247681975,
    10.945841515436769,
    10.941090667620301,
    10.895887091755867,
    10.541142328642309,
    11.060571545735002,
    9.847347198985517,
    11.480324745178223,
    10.175983340479434,
    11.318926949985325,
    11.564709560014307,
    11.198310881853104,
    42.55096887797117,
    25.445697337388992,
    10.158571027219296,
    10.847477531991899,
    10.703935040161014,
    11.75951961800456,
    11.743304478004575,
    10.176798908039927,
    13.906900276429951,
    9.997990029864013,
    10.861780581064522,
    12.081247533671558,
    10.900584565475583,
    11.988292869180441,
    11.182137749157846,
    10.618748417124152,
    10.029115195386112,
    10.588298961520195,
    11.203488922677934,
    10.827187304385006,
    10.879819239489734,
    10.567099113948643,
    11.361611318774521,
    11.605424163863063,
    11.074019061401486,
    11.161101057194173,
    12.074349726550281,
    10.601169047877192,
    11.195285581052303,
    11.201232061721385,
    10.573548850603402,
    11.007025671191514,
    10.702644124627113,
    10.589843404479325,
    11.3584896447137,
    10.476899554952979,
    11.66276470106095,
    11.78417340759188,
    11.188739040866494,
    11.327846380881965,
    10.828536390326917,
    11.924386817030609
  ],
  "mean_f1": 0.013351638632898002,
  "mean_time": 12.247963670187941
=======
  "f1_scores": [],
  "generation_times": [],
  "mean_f1": NaN,
  "mean_time": NaN
>>>>>>> Stashed changes
}