{
  "f1_scores": [
    0.6666666666666666,
    1.0,
    0,
    0,
    0.4,
    0,
    0,
    0,
    0,
    0,
    0,
    0.4,
    0.4615384615384615,
    0,
    0,
    0,
    0,
    0.6666666666666666,
    0,
    0,
    0,
    0.5,
    0,
    0,
    0,
    0.20000000000000004,
    0,
    1.0,
    0,
    0,
    0,
    0,
    0,
    1.0,
    0.6,
    0,
    0.3333333333333333,
    0,
    0,
    0.18181818181818182,
    0,
    0,
    0,
    0,
    0.25,
    0.25,
    0.25,
    0,
    0,
    0,
    0,
    0,
    0,
    0,
    0.8571428571428571,
    0,
    0,
    0,
    0,
    1.0,
    0,
    0.20000000000000004,
    0.6666666666666666,
    0,
    0,
    0.5,
    0,
    0.8571428571428571,
    0,
    0,
    0,
    0,
    0,
    0,
    0,
    0,
    0,
    0,
    0.6666666666666665,
    0,
    0.8,
    0,
    0,
    0.5,
    1.0,
    0,
    1.0,
    0,
    0,
    0,
    0,
    0,
    0,
    0.5714285714285715,
    0,
    0,
    1.0,
    0.3333333333333333,
    1.0,
    0.6666666666666666,
    0,
    0,
    0,
    0.5454545454545454,
    0.28571428571428575,
    0,
    0,
    1.0,
    0.5,
    0,
    0,
    1.0,
    0.2,
    0.6666666666666666,
    0.5714285714285715,
    0,
    0,
    0,
    0.8333333333333334,
    1.0,
    1.0,
    1.0,
    0,
    0,
    0,
    0,
    0.4000000000000001,
    0.4444444444444445,
    0,
    0.75,
    0,
    0,
    0,
    0,
    0,
    0,
    0,
    0.4210526315789474,
    0,
    0,
    0,
    1.0,
    0.5333333333333333,
    0,
    0,
    0.3636363636363636,
    0.06666666666666667,
    0.8333333333333334,
    0,
    0
  ],
  "generation_times": [
    1.3373889829963446,
    0.6951411482878029,
    0.8384063239209354,
    0.7987702032551169,
    0.7760569881647825,
    1.1445904830470681,
    0.7104451349005103,
    0.8303820178844035,
    0.8142270962707698,
    0.7921352270059288,
    0.820331868249923,
    0.7773369369097054,
    0.889409210998565,
    1.0382155859842896,
    0.7165616159327328,
    0.8648193278349936,
    0.7824189681559801,
    0.7840978116728365,
    0.8186283740215003,
    0.8686461979523301,
    0.6377847814001143,
    0.8774727042764425,
    1.0130525440908968,
    0.7462097709067166,
    0.8348263027146459,
    0.9995038462802768,
    0.7313989009708166,
    0.9023031960241497,
    0.807258877903223,
    0.8794639916159213,
    1.3486185208894312,
    0.7747135236859322,
    0.788761988747865,
    0.582343437243253,
    0.9133313507772982,
    0.9038175940513611,
    0.9203341663815081,
    0.8602774213068187,
    1.3524149730801582,
    0.7658601407893002,
    1.124620782211423,
    1.0782647412270308,
    0.8233441356569529,
    0.7753183511085808,
    0.7849007728509605,
    0.8331882748752832,
    0.6972499256953597,
    0.7784783490933478,
    0.7866037348285317,
    0.8284856919199228,
    0.7789589567109942,
    0.8391186320222914,
    0.8037234339863062,
    0.7261586543172598,
    0.8477333770133555,
    0.866845743265003,
    0.8030753908678889,
    0.7854480962269008,
    0.8185238339938223,
    0.7382349297404289,
    0.7744871638715267,
    0.8351689442060888,
    0.8009495241567492,
    0.7343042301945388,
    0.6437455751001835,
    0.8189633451402187,
    0.6778855719603598,
    1.0054855882190168,
    0.7913346658460796,
    0.8341585514135659,
    0.6682740431278944,
    1.0381644908338785,
    1.0591758326627314,
    1.1085665002465248,
    1.0722572109661996,
    1.0195577209815383,
    0.8593567810021341,
    0.7666936479508877,
    0.8371913791634142,
    0.9679288580082357,
    0.8369746669195592,
    0.9590394170954823,
    0.715662713162601,
    0.8392127840779722,
    0.7334564928896725,
    0.7976925759576261,
    0.882178345695138,
    0.7808657619170845,
    0.9469399927183986,
    0.9894286780618131,
    1.095795655157417,
    0.8716858248226345,
    0.7872983147390187,
    0.9017828903160989,
    0.6984389531426132,
    1.0367686520330608,
    0.9354250598698854,
    0.8265364407561719,
    0.745761089026928,
    0.7987600029446185,
    0.752761262934655,
    0.7731435499154031,
    0.8336097090505064,
    1.0843962212093174,
    0.7983045927248895,
    0.9651120719499886,
    0.7700207899324596,
    0.9694741740822792,
    0.7793583730235696,
    0.856028547976166,
    0.8038940699771047,
    0.8282129559665918,
    0.7869275379925966,
    0.8822361608035862,
    0.8050099830143154,
    0.8552549062296748,
    1.1111494759097695,
    0.7624974609352648,
    0.830164676066488,
    1.0675369398668408,
    0.9286688147112727,
    0.9371204827912152,
    0.7873218329623342,
    0.7065417519770563,
    0.8832680420018733,
    0.6387100908905268,
    0.8910222607664764,
    0.7662434871308506,
    0.8285558950155973,
    0.6968884980306029,
    0.8720900490880013,
    1.3538403599523008,
    0.709219210781157,
    0.8167369388975203,
    0.8002037992700934,
    1.007037783972919,
    0.8586600311100483,
    1.0171034638769925,
    0.8082711207680404,
    0.7183487811125815,
    0.9005271689966321,
    0.8214346319437027,
    0.8482916289940476,
    0.8658117828890681,
    0.885683192871511,
    0.9946646448224783,
    1.5915294452570379,
    1.0109785730019212,
    0.8352838442660868,
    0.9546763943508267
  ],
  "mean_f1": 0.22129423403107615,
  "mean_time": 0.8653280982840806
}