{
  "f1_scores": [
    0.6666666666666666,
    0.16666666666666669,
    0,
    0,
    1.0,
    0,
    0,
    0,
    0.5714285714285713,
    0,
    0,
    0.6666666666666666,
    1.0,
    1.0,
    1.0,
    0,
    0,
    0.5,
    0,
    1.0,
    0,
    0,
    0,
    0.4,
    0,
    0.20000000000000004,
    0,
    0.75,
    0,
    0,
    0,
    0,
    0,
    0.5714285714285715,
    0.6,
    0,
    0.3333333333333333,
    0,
    0,
    0.09523809523809525,
    0,
    0,
    0,
    1.0,
    0.25,
    0.25,
    0.25,
    0,
    0,
    0,
    0,
    0,
    0,
    0.7499999999999999,
    0.8571428571428571,
    0,
    0,
    0,
    0,
    1.0,
    0,
    0.25,
    0.6666666666666666,
    0,
    0,
    0.9090909090909091,
    0,
    0.2222222222222222,
    0,
    0,
    0,
    1.0,
    0,
    0.6666666666666666,
    0.08333333333333334,
    0,
    0,
    0,
    0.6666666666666665,
    1.0,
    0,
    0,
    0,
    1.0,
    1.0,
    0,
    1.0,
    0,
    0,
    0,
    0,
    0,
    0,
    0.5714285714285715,
    0,
    0,
    1.0,
    1.0,
    1.0,
    0,
    0.14285714285714288,
    0,
    0,
    0,
    0.28571428571428575,
    0,
    0,
    0,
    0.5,
    0,
    0,
    1.0,
    0.16666666666666666,
    0.6666666666666666,
    0.6666666666666666,
    0,
    0,
    0,
    0.4,
    0,
    1.0,
    0,
    0,
    0,
    0.1818181818181818,
    0,
    0,
    0.4444444444444445,
    0,
    0,
    0,
    0,
    0,
    0,
    0.16666666666666666,
    0.48,
    0.2727272727272727,
    0.7058823529411765,
    0,
    0.8,
    0,
    1.0,
    0.5333333333333333,
    0,
    0,
    0.4,
    0.07142857142857144,
    0.5263157894736842,
    1.0,
    0.2
  ],
  "generation_times": [
    1.0041278409771621,
    0.7918068650178611,
    0.6425272463820875,
    0.5651575881056488,
    0.5716312578879297,
    1.1201609252020717,
    0.5336525933817029,
    0.6580693321302533,
    0.7637410019524395,
    0.5959091689437628,
    0.6124503081664443,
    0.6863220790401101,
    0.7147326311096549,
    0.50134754832834,
    0.5344500448554754,
    0.6229511597193778,
    0.595682698301971,
    0.6102008321322501,
    0.6017135470174253,
    0.6653558020479977,
    0.5081182820722461,
    0.4821146600879729,
    0.7271790048107505,
    0.5860259938053787,
    0.5845411219634116,
    0.734441536013037,
    0.5068836282007396,
    0.6369183612987399,
    0.6016980479471385,
    0.8618500758893788,
    0.9311997587792575,
    0.5823322529904544,
    0.5916180489584804,
    0.49036704702302814,
    0.6612790450453758,
    1.1053665350191295,
    0.6779699106700718,
    0.6280202306807041,
    0.7576007833704352,
    0.7325636302120984,
    0.6612302493304014,
    0.7750753019936383,
    0.5930174682289362,
    0.6021406902000308,
    0.583220365922898,
    0.6198517084121704,
    0.4845506502315402,
    0.5712340231984854,
    0.5894756950438023,
    0.6195099470205605,
    0.5710925152525306,
    0.6253931992687285,
    0.600006144028157,
    0.5906097274273634,
    0.6294259000569582,
    0.6999494801275432,
    0.8002675930038095,
    0.5871001603081822,
    0.6016184040345252,
    0.4865831951610744,
    0.5277011780999601,
    0.5607238621450961,
    0.5980629017576575,
    0.5429426697082818,
    0.7636329620145261,
    0.680633429903537,
    0.5128513630479574,
    1.195990076288581,
    0.6820885147899389,
    0.6496697389520705,
    0.576084652915597,
    0.5707168374210596,
    1.1436914396472275,
    0.9115040530450642,
    1.246068435255438,
    0.8380860132165253,
    0.7461300259456038,
    0.5329488939605653,
    0.5978023838251829,
    0.6355751380324364,
    0.5817487230524421,
    0.7025948711670935,
    0.4550941279157996,
    0.5861040158197284,
    0.49939499609172344,
    0.5986547009088099,
    0.6419285479933023,
    0.5453452621586621,
    0.6601720498874784,
    1.0923453513532877,
    0.7962726098485291,
    0.6833170377649367,
    0.6398845561780035,
    0.650049006100744,
    0.45800510607659817,
    0.5602288851514459,
    0.6891573127359152,
    0.608393058180809,
    0.5259308307431638,
    0.5702331885695457,
    0.8169236625544727,
    0.5802690512500703,
    0.5900190779939294,
    0.760550748091191,
    0.5918296622112393,
    0.6294517270289361,
    0.5233666528947651,
    0.5863705342635512,
    0.5698856189846992,
    0.6306949895806611,
    0.6009077560156584,
    0.6056953617371619,
    0.6034325668588281,
    0.6495920652523637,
    0.5467536100186408,
    0.6469677821733057,
    1.06518273986876,
    0.5804708930663764,
    0.5939872236922383,
    0.7168178712017834,
    0.66566192638129,
    0.7046695812605321,
    0.5869776005856693,
    0.5237977663055062,
    0.7123149000108242,
    0.4431578400544822,
    0.6558837308548391,
    0.5359335457906127,
    0.6080285701900721,
    0.8227267609909177,
    0.638721636030823,
    0.9819247820414603,
    0.5050169099122286,
    0.6060564913786948,
    0.6595217669382691,
    1.0034866658970714,
    0.9136734153144062,
    0.6635447782464325,
    0.4288909840397537,
    0.5104724378325045,
    0.6546748257242143,
    0.6011361861601472,
    0.5841229381039739,
    1.0587482559494674,
    0.5330622140318155,
    0.6979104159399867,
    0.9579879408702254,
    0.851914765778929,
    0.5715154092758894,
    0.7074627098627388
  ],
  "mean_f1": 0.25683889670700816,
  "mean_time": 0.6627157133196792
}