{
  "f1_scores": [
    0.6666666666666666,
    0.16666666666666669,
    0,
    0,
    1.0,
    0,
    0,
    0,
    0.5714285714285713,
    0,
    0,
    0.6666666666666666,
    1.0,
    1.0,
    1.0,
    0,
    0,
    0.5,
    0,
    1.0,
    0,
    0,
    0,
    0.4,
    0,
    0.6,
    0,
    0.75,
    0,
    0,
    0,
    0,
    0,
    0.5714285714285715,
    0.6,
    0,
    0.3333333333333333,
    0,
    0,
    0.09523809523809525,
    0,
    0,
    0,
    1.0,
    0.25,
    0.25,
    0.25,
    0,
    0,
    0,
    0,
    0,
    0,
    0.7499999999999999,
    0.8571428571428571,
    0,
    0,
    0,
    0,
    1.0,
    0,
    0.25,
    0.6666666666666666,
    0,
    0,
    0.6666666666666666,
    0,
    1.0,
    0,
    0,
    0,
    1.0,
    0,
    0.6666666666666666,
    0.08333333333333334,
    0,
    0,
    0,
    0.6666666666666665,
    1.0,
    0,
    0,
    0,
    1.0,
    1.0,
    0,
    1.0,
    0,
    0,
    0,
    0,
    0,
    0,
    0.5714285714285715,
    0,
    0,
    1.0,
    1.0,
    1.0,
    0,
    0.14285714285714288,
    0,
    0,
    0,
    0.28571428571428575,
    0,
    0,
    0,
    0.5,
    0,
    0,
    1.0,
    0.16666666666666666,
    0.6666666666666666,
    0.6666666666666666,
    0,
    0,
    0,
    0.4,
    0,
    1.0,
    0,
    0,
    0,
    0.1818181818181818,
    0,
    0,
    0.4444444444444445,
    0,
    0,
    0,
    0,
    0,
    0,
    0.16666666666666666,
    0.48,
    0.2727272727272727,
    0.3125,
    0,
    0.8,
    0,
    1.0,
    0.5333333333333333,
    0,
    0,
    0.4,
    0,
    0.5263157894736842,
    1.0,
    0.2
  ],
  "generation_times": [
    1.1601134575903416,
    0.8846818124875426,
    0.7094961265102029,
    0.6505914367735386,
    0.5920649329200387,
    1.2684420784935355,
    0.5464947996661067,
    0.7323854835703969,
    0.8457313999533653,
    0.6523670991882682,
    0.6799425715580583,
    0.7242702348157763,
    0.7837138473987579,
    0.5162099478766322,
    0.539738149382174,
    0.6834555687382817,
    0.6096007553860545,
    0.6712391832843423,
    0.6186770396307111,
    0.7753294706344604,
    0.5936760893091559,
    0.5488275708630681,
    0.8762530097737908,
    0.6489508720114827,
    0.7127383491024375,
    0.8078017178922892,
    0.5965025685727596,
    0.6654798742383718,
    0.6591995116323233,
    0.9530778899788857,
    1.0115279499441385,
    0.634903228841722,
    0.6473366348072886,
    0.5835464093834162,
    0.6879821866750717,
    1.241193518973887,
    0.7474842742085457,
    0.6504901349544525,
    0.7983719659969211,
    0.8364772321656346,
    0.7355571128427982,
    0.8927298383787274,
    0.6098597934469581,
    0.6554175280034542,
    0.6527367066591978,
    0.6778910318389535,
    0.5749582517892122,
    0.5851949825882912,
    0.6553654037415981,
    0.713872916996479,
    0.58359151519835,
    0.6889083757996559,
    0.6656068926677108,
    0.6299212910234928,
    0.6992313778027892,
    0.7896685684099793,
    0.9409311283379793,
    0.6527633033692837,
    0.6624389737844467,
    0.5978619083762169,
    0.5875200862064958,
    0.6310530109331012,
    0.6664997432380915,
    0.5916256718337536,
    0.8925392851233482,
    0.715287291444838,
    0.5678107859566808,
    0.7826714301481843,
    0.7640171460807323,
    0.734935088083148,
    0.6476041721180081,
    0.6987563604488969,
    1.326042334549129,
    1.0390888024121523,
    1.413827681913972,
    1.0706675704568624,
    0.8093516901135445,
    0.6425582189112902,
    0.6649959664791822,
    0.7011750349774957,
    0.6389989862218499,
    0.7874503349885345,
    0.5448666932061315,
    0.6102790366858244,
    0.5955908000469208,
    0.6808866774663329,
    0.7168983984738588,
    0.6326630879193544,
    0.7764127450063825,
    1.2310290923342109,
    0.8683861689642072,
    0.8143137693405151,
    0.7124611325562,
    0.7235319409519434,
    0.5499492427334189,
    0.6498158648610115,
    0.7671620659530163,
    0.6910460647195578,
    0.6299448199570179,
    0.6260199677199125,
    0.898352637887001,
    0.6402644626796246,
    0.6514844475314021,
    0.8334143739193678,
    0.7003478985279799,
    0.697734939865768,
    0.6375311454758048,
    0.6071564424782991,
    0.5898686880245805,
    0.6657646298408508,
    0.6653456268832088,
    0.6695573916658759,
    0.7510599158704281,
    0.7050246028229594,
    0.6434599598869681,
    0.6740085380151868,
    0.9228667421266437,
    0.604066557250917,
    0.6229753475636244,
    0.804335885681212,
    0.7452518409118056,
    0.7854660106822848,
    0.6456352267414331,
    0.5361843844875693,
    0.7867337176576257,
    0.5328510105609894,
    0.7174674579873681,
    0.6187028484418988,
    0.6841740338131785,
    0.9919371893629432,
    0.7097375551238656,
    1.1473217131569982,
    0.6034372132271528,
    0.6745868660509586,
    0.7858410682529211,
    1.1849356545135379,
    1.1212316108867526,
    1.1353033613413572,
    0.5134255941957235,
    0.5942531991750002,
    0.7468945058062673,
    0.6245190715417266,
    0.683768349699676,
    1.23869458027184,
    0.6282266220077872,
    0.7861249130219221,
    0.6223709117621183,
    0.9742779675871134,
    0.6298701260238886,
    0.7747520627453923
  ],
  "mean_f1": 0.25997584744690005,
  "mean_time": 0.7374346963254114
}