{
  "f1_scores": [
    0.6666666666666666,
    0.16666666666666669,
    0,
    0,
    1.0,
    0,
    0,
    0,
    0.5714285714285713,
    0,
    0,
    0.6666666666666666,
    1.0,
    1.0,
    1.0,
    0,
    0,
    0.5,
    0,
    1.0,
    0,
    0,
    0,
    0.4,
    0,
    0.6,
    0,
    0.75,
    0,
    0,
    0,
    0,
    0,
    0.5714285714285715,
    0.6,
    0,
    0.3333333333333333,
    0,
    0,
    0.09523809523809525,
    0,
    0,
    0,
    1.0,
    0.25,
    0.25,
    0.25,
    0,
    0,
    0,
    0,
    0,
    0,
    0.7499999999999999,
    0.8571428571428571,
    0,
    0,
    0,
    0,
    1.0,
    0,
    0.25,
    0.6666666666666666,
    0,
    0,
    0.6666666666666666,
    0,
    1.0,
    0,
    0,
    0,
    1.0,
    0,
    0.6666666666666666,
    0.08333333333333334,
    0,
    0,
    0,
    0.6666666666666665,
    1.0,
    0,
    0,
    0,
    1.0,
    1.0,
    0,
    1.0,
    0,
    0,
    0,
    0,
    0,
    0,
    0.5714285714285715,
    0,
    0,
    1.0,
    1.0,
    1.0,
    0,
    0.14285714285714288,
    0,
    0,
    0,
    0.28571428571428575,
    0,
    0,
    0,
    0.5,
    0,
    0,
    1.0,
    0.16666666666666666,
    0.6666666666666666,
    0.6666666666666666,
    0,
    0,
    0,
    0.4,
    0,
    1.0,
    0,
    0,
    0,
    0.1818181818181818,
    0,
    0,
    0.4444444444444445,
    0,
    0,
    0,
    0,
    0,
    0,
    0.16666666666666666,
    0.48,
    0.2727272727272727,
    0.3125,
    0,
    0.8,
    0,
    1.0,
    0.5333333333333333,
    0,
    0,
    0.4,
    0,
    0.5263157894736842,
    1.0,
    0.2
  ],
  "generation_times": [
    1.7719633504748344,
    1.2297603506594896,
    0.620566007681191,
    0.5702286092564464,
    0.5069728307425976,
    1.1541616916656494,
    0.4663032153621316,
    0.633183135651052,
    0.7530209301039577,
    0.563934194855392,
    0.5835720244795084,
    0.6364802084863186,
    0.6939367316663265,
    0.4461722085252404,
    0.4665962290018797,
    0.5924426345154643,
    0.5314464895054698,
    0.5789684820920229,
    0.5377899501472712,
    0.6208905698731542,
    0.5237568467855453,
    0.4716571206226945,
    0.6820347718894482,
    0.5561800673604012,
    0.615889553911984,
    0.7164310719817877,
    0.529420324601233,
    0.5808316310867667,
    0.578031443990767,
    0.8608286995440722,
    0.9159594820812345,
    0.5506559759378433,
    0.5635474286973476,
    0.5216827867552638,
    0.6096213171258569,
    1.1361137051135302,
    0.6574957277625799,
    0.5700542740523815,
    0.720619578845799,
    0.7598445201292634,
    0.6408207127824426,
    0.7069264547899365,
    0.5392812313511968,
    0.5796568328514695,
    0.5651669474318624,
    0.6008117692545056,
    0.5101130688562989,
    0.5109922224655747,
    0.5648792227730155,
    0.5954816313460469,
    0.5164875071495771,
    0.6029256358742714,
    0.5737176267430186,
    0.5522592663764954,
    0.6117814797908068,
    0.6853889711201191,
    0.8038958227261901,
    0.5580661837011576,
    0.5742692006751895,
    0.5135112851858139,
    0.505473580211401,
    0.5427711792290211,
    0.5679116807878017,
    0.475097831338644,
    0.7977880826219916,
    0.6212886553257704,
    0.4881840795278549,
    0.6782799670472741,
    0.6667403867468238,
    0.6299252863973379,
    0.5673219515010715,
    0.5780555726960301,
    1.1871888609603047,
    0.9103679666295648,
    1.258746249601245,
    0.941679934039712,
    0.7109747938811779,
    0.5594031577929854,
    0.5459277061745524,
    0.6125875199213624,
    0.550901934504509,
    0.6806344827637076,
    0.46822044905275106,
    0.5250794915482402,
    0.5197316948324442,
    0.5683381045237184,
    0.6221565706655383,
    0.5473131965845823,
    0.6661841655150056,
    1.0894984547048807,
    0.7433185521513224,
    0.6737678684294224,
    0.619799954816699,
    0.6329531949013472,
    0.4736891444772482,
    0.5660907877609134,
    0.6645095497369766,
    0.5841650618240237,
    0.5232638884335756,
    0.5402434272691607,
    0.7891604695469141,
    0.5500379502773285,
    0.5649146800860763,
    0.7272806717082858,
    0.564582409337163,
    0.6074542738497257,
    0.5535637242719531,
    0.5263205645605922,
    0.5074538793414831,
    0.576849365606904,
    0.571063238196075,
    0.5790902720764279,
    0.6354354592040181,
    0.6085408497601748,
    0.5566844129934907,
    0.5828295266255736,
    0.7988723376765847,
    0.5177414678037167,
    0.5398616110906005,
    0.6768003655597568,
    0.6528695579618216,
    0.6889373138546944,
    0.5580269964411855,
    0.4568770006299019,
    0.6801637830212712,
    0.45857684407383204,
    0.6011994853615761,
    0.5370186176151037,
    0.5812040092423558,
    0.8870196500793099,
    0.6125381141901016,
    1.0002587279304862,
    0.5233965078368783,
    0.5775851123034954,
    0.6821885788813233,
    1.0303399711847305,
    0.9262615498155355,
    1.0110356844961643,
    0.43721842486411333,
    0.5073339687660336,
    0.6289607109501958,
    0.5382107840850949,
    0.5912369787693024,
    1.0888739889487624,
    0.537822206504643,
    0.6786273568868637,
    0.503543728031218,
    0.8550865771248937,
    0.5460771126672626,
    0.6724475817754865
  ],
  "mean_f1": 0.25997584744690005,
  "mean_time": 0.6471768541137377
}