{
  "f1_scores": [
    0.6666666666666666,
    0.11764705882352941,
    0,
    0,
    1.0,
    0,
    0,
    0,
    0.5714285714285713,
    0,
    0,
    0.6666666666666666,
    0.4615384615384615,
    0,
    0.6666666666666666,
    0,
    0,
    0.5,
    0,
    0,
    0,
    0,
    0,
    0.1111111111111111,
    0,
    0.3,
    0,
    0.75,
    0,
    0,
    0,
    0,
    0,
    0.5714285714285715,
    0.28571428571428575,
    0,
    0.3333333333333333,
    0,
    0,
    0,
    0,
    0.20000000000000004,
    0,
    1.0,
    0.25,
    0.33333333333333337,
    0.25,
    0,
    0,
    0,
    0,
    0,
    0,
    0,
    0.8571428571428571,
    0,
    0,
    0,
    0,
    1.0,
    0,
    0.25,
    0.6666666666666666,
    0,
    0,
    0.2222222222222222,
    0,
    1.0,
    0,
    0,
    0,
    1.0,
    0,
    0.6666666666666666,
    0.14814814814814814,
    0,
    0,
    0,
    0.6666666666666665,
    0.75,
    0,
    0,
    0,
    1.0,
    1.0,
    0,
    1.0,
    0,
    0,
    0,
    0,
    0,
    0,
    0.5714285714285715,
    0,
    0,
    1.0,
    1.0,
    1.0,
    0.33333333333333337,
    0.14285714285714288,
    0,
    0.888888888888889,
    0.16666666666666666,
    0.28571428571428575,
    1.0,
    0,
    1.0,
    0.5,
    0,
    0,
    1.0,
    0.2,
    0.28571428571428575,
    0.6666666666666666,
    0,
    0,
    0,
    1.0,
    0,
    1.0,
    0,
    0,
    0,
    0,
    0,
    0,
    0.4444444444444445,
    0,
    0.75,
    0,
    0,
    0,
    0,
    0,
    0.48,
    0.07999999999999999,
    0.4,
    0.14285714285714288,
    0.8,
    0,
    1.0,
    0,
    0,
    0,
    0.3636363636363636,
    0,
    0.5263157894736842,
    1.0,
    0
  ],
  "generation_times": [
    2.292396115604788,
    3.5764636043459177,
    1.710170823149383,
    0.9980924427509308,
    1.4426163849420846,
    3.899879951030016,
    1.0971278371289372,
    1.3278669598512352,
    2.4895156961865723,
    1.326519737020135,
    1.4763084007427096,
    2.1898351670242846,
    1.9159250278025866,
    1.553320659790188,
    1.4270126642659307,
    1.3695896612480283,
    1.4528716481290758,
    1.3455288419499993,
    1.505102809984237,
    1.5631083440966904,
    1.4684394118376076,
    1.5577769638039172,
    2.338640045840293,
    3.5427671591751277,
    1.6715125679038465,
    3.4702181639149785,
    1.457700040191412,
    1.7170099220238626,
    1.4520879862830043,
    3.2320415140129626,
    3.7914508702233434,
    1.2913579968735576,
    1.2947488650679588,
    1.52022198215127,
    2.609354332089424,
    5.047715802211314,
    1.7683819276280701,
    1.5613999809138477,
    2.652724880259484,
    1.5485518518835306,
    1.8916728147305548,
    2.170275487937033,
    1.7213660459965467,
    1.449489310849458,
    1.4104153299704194,
    1.691859788261354,
    1.306043007876724,
    1.4361117170192301,
    1.0917667802423239,
    1.3730595507659018,
    1.4213264570571482,
    1.375567703973502,
    1.3302800105884671,
    1.0205559502355754,
    1.500788503792137,
    1.3369960496202111,
    1.3084585489705205,
    1.154619615059346,
    1.329808152280748,
    1.1759625589475036,
    1.196245573926717,
    1.2228280445560813,
    1.190315986983478,
    1.1084043523296714,
    3.0335283828899264,
    1.517562571913004,
    0.8904813909903169,
    1.821618634276092,
    1.9928174372762442,
    1.478944743052125,
    1.4798172279261053,
    1.5703295790590346,
    4.9706628061831,
    2.418708990793675,
    5.838229148648679,
    1.9202866102568805,
    2.563064504880458,
    1.5568124279379845,
    1.5857757553458214,
    1.7099532722495496,
    1.3152311630547047,
    1.6922864699736238,
    1.3207008857280016,
    1.3265077588148415,
    1.4533228687942028,
    1.3611496430821717,
    1.5219150558114052,
    1.3473447058349848,
    1.640353119932115,
    4.465255199000239,
    1.8766066120006144,
    2.0091898730024695,
    1.6418247022666037,
    1.693925615400076,
    1.2342167128808796,
    1.42283433675766,
    1.5217454498633742,
    1.3225012058392167,
    1.3386762468144298,
    2.0398768889717758,
    3.1886568921618164,
    1.1437345114536583,
    1.8396458588540554,
    2.7420211392454803,
    1.2957476996816695,
    2.138140378985554,
    1.3632564912550151,
    2.0677231797017157,
    1.302775802090764,
    1.851338079199195,
    1.1874912749044597,
    1.4709687731228769,
    1.5977494162507355,
    1.6542000123299658,
    1.249906455166638,
    1.5305077815428376,
    1.772422165144235,
    1.3275312199257314,
    1.7942906930111349,
    1.7176425629295409,
    1.8308715587481856,
    1.460724578704685,
    1.2953492742963135,
    1.2161836228333414,
    1.6653859843499959,
    1.1937324148602784,
    1.8803440788760781,
    1.3542403602041304,
    1.4651437373831868,
    1.280831920914352,
    1.5500121647492051,
    3.788329457398504,
    1.3068247619085014,
    1.3577980119735003,
    1.304647009819746,
    4.107779613230377,
    3.953017660882324,
    3.793384789954871,
    1.8239345187321305,
    1.195414500311017,
    1.7378908921964467,
    1.3613344361074269,
    1.5724577531218529,
    4.396795991808176,
    1.8096419950015843,
    1.9951827549375594,
    1.5005917898379266,
    3.0256487540900707,
    1.2542232228443027,
    1.6230848734267056
  ],
  "mean_f1": 0.24861047690603935,
  "mean_time": 1.849321221675103
}