{
  "f1_scores": [
    0,
    1.0,
    0,
    0,
    0,
    0,
    0,
    0,
    0.43243243243243246,
    0.07407407407407407,
    0,
    0.21052631578947367,
    0.25,
    0.25,
    0,
    0.14285714285714288,
    0,
    0,
    0,
    1.0,
    0,
    0,
    0,
    0.16666666666666666,
    0,
    0.20000000000000004,
    0,
    0.08695652173913043,
    0,
    0,
    0.125,
    0,
    0.09523809523809523,
    0,
    0,
    0,
    0.125,
    0,
    0,
    0.0625,
    0.3529411764705882,
    0.125,
    0,
    0,
    0.25,
    0.25,
    0,
    0,
    0,
    0,
    0,
    0.125,
    0,
    0,
    0.8571428571428571,
    0,
    0,
    0,
    0,
    0.3333333333333333,
    0,
    0,
    0,
    0,
    0,
    0.18181818181818182,
    0,
    0.20689655172413793,
    0,
    0,
    0.06896551724137931,
    0.09523809523809523,
    0,
    0.09523809523809525,
    0.125,
    0.07407407407407407,
    0,
    0.20689655172413793,
    0,
    0,
    0,
    0,
    0,
    0,
    0,
    0,
    0,
    0,
    0,
    0,
    0,
    0,
    0,
    0.5714285714285715,
    0,
    0,
    0.3333333333333333,
    0,
    0.5,
    0.125,
    0,
    0,
    0.07407407407407407,
    0,
    0.4,
    0.41025641025641024,
    0,
    0,
    0,
    0,
    0.18181818181818182,
    0.20689655172413793,
    0.22222222222222224,
    1.0,
    0.08,
    0,
    0,
    0,
    0.26666666666666666,
    0,
    0.28571428571428575,
    0,
    0,
    0,
    0,
    0,
    0.10526315789473682,
    0.06451612903225806,
    0.08000000000000002,
    0,
    0,
    0,
    0,
    0,
    0,
    0,
    0.5555555555555556,
    0.36363636363636365,
    0,
    0.25,
    0,
    0.2857142857142857,
    0,
    0,
    0,
    0,
    0,
    0,
    0,
    0.28571428571428575
  ],
  "generation_times": [
    11.15889044944197,
    2.1708353543654084,
    10.388167543336749,
    1.8667910369113088,
    10.103406881913543,
    2.5719526214525104,
    10.110940521582961,
    7.666279093362391,
    9.526568097993731,
    10.190185646526515,
    7.996994319371879,
    7.307389901019633,
    6.649569137021899,
    4.4215403366833925,
    1.9082675389945507,
    10.460408210754395,
    3.9124073330312967,
    1.5016974359750748,
    3.4194257240742445,
    2.921534050256014,
    10.055152401328087,
    5.130038325674832,
    10.340315817855299,
    5.045701504684985,
    2.891205887310207,
    3.6235448960214853,
    5.473813411779702,
    9.66766953188926,
    2.552466963417828,
    5.22867863625288,
    7.02517254371196,
    5.820781433023512,
    7.835793011821806,
    1.983117544092238,
    6.129405873827636,
    4.3508545607328415,
    6.4578557927161455,
    1.9409155063331127,
    4.85150245949626,
    10.253577189520001,
    10.456336572766304,
    10.758938709273934,
    4.418884863145649,
    2.25578302051872,
    2.5217081494629383,
    8.51321932207793,
    5.906586564145982,
    7.648460706695914,
    1.9709596754983068,
    6.511147174052894,
    3.834262838587165,
    5.731669456698,
    7.050058930180967,
    10.020665738731623,
    2.7819660399109125,
    8.757615947164595,
    10.179302115924656,
    10.310610063374043,
    5.4820496290922165,
    3.3784132041037083,
    1.8718827366828918,
    6.504206488840282,
    6.977253503166139,
    2.0200975006446242,
    7.136327660642564,
    6.659943092614412,
    10.191345795989037,
    10.686353988014162,
    6.092897822149098,
    7.607684566639364,
    10.21038282290101,
    7.604394730180502,
    10.583878949284554,
    10.332813418470323,
    7.703268939629197,
    11.603321509435773,
    5.1927031222730875,
    10.289291118271649,
    10.191182820126414,
    8.647246899083257,
    2.354512141086161,
    2.8635488264262676,
    8.517070671543479,
    2.5787623040378094,
    9.974633790552616,
    7.100421412847936,
    2.138645661994815,
    10.218877627514303,
    5.833589386194944,
    2.5843300595879555,
    3.6098398193717003,
    2.2640017168596387,
    7.164643034338951,
    3.4440197218209505,
    6.289966003037989,
    6.9010419975966215,
    2.8169582784175873,
    5.409026840701699,
    3.653448862954974,
    7.2826328640803695,
    10.211062602698803,
    10.33671558368951,
    10.291131425648928,
    1.2959710862487555,
    7.5137329790741205,
    10.272661126218736,
    10.260075294412673,
    10.053440276533365,
    4.477266465313733,
    7.111979095265269,
    10.381289590150118,
    10.254433386959136,
    6.833502133376896,
    3.0661274772137403,
    9.823803471401334,
    7.548881174996495,
    4.9543491415679455,
    4.8543683011084795,
    4.92413020785898,
    10.542554533109069,
    4.550200691446662,
    6.974330252967775,
    4.3041612934321165,
    4.971675370819867,
    6.934069322422147,
    7.746289504691958,
    7.230882504954934,
    10.187894953414798,
    10.35254758503288,
    9.951152479276061,
    10.475493635050952,
    10.214614846743643,
    2.1322102043777704,
    10.383684027008712,
    10.56079126149416,
    2.426393090747297,
    5.688991551287472,
    10.294628104194999,
    10.092330938205123,
    10.335218133404851,
    8.166239679791033,
    7.689077720977366,
    2.790516179986298,
    8.517108598724008,
    5.240307650528848,
    10.53192540910095,
    10.200672276318073,
    10.271075286902487,
    10.243495269678533,
    7.066197594627738
  ],
  "mean_f1": 0.09477737171724844,
  "mean_time": 6.826917016822844
}