{
  "f1_scores": [
    0.6666666666666666,
    0.16666666666666669,
    0,
    0,
    1.0,
    0,
    0,
    0,
    0,
    0,
    0,
    0.4,
    0.4615384615384615,
    0,
    0.6666666666666666,
    0,
    0,
    0.5,
    0,
    1.0,
    0,
    0,
    0,
    0,
    0,
    0.20000000000000004,
    0,
    0.75,
    0,
    0,
    0,
    0,
    0.3333333333333333,
    0.5714285714285715,
    0.6,
    0,
    0,
    0,
    0,
    0.09523809523809525,
    0,
    0,
    0,
    1.0,
    0.25,
    0.125,
    0.25,
    0,
    0,
    0,
    0,
    0,
    0,
    0,
    0.8571428571428571,
    0,
    0,
    0,
    0,
    1.0,
    0,
    0.25,
    0.6666666666666666,
    0,
    0,
    0.2222222222222222,
    0,
    1.0,
    0,
    0,
    0,
    1.0,
    0,
    0.6666666666666666,
    0.1904761904761905,
    0,
    0,
    0,
    0.6666666666666665,
    0,
    0,
    0,
    0,
    1.0,
    1.0,
    0,
    1.0,
    0,
    0,
    0,
    0,
    0,
    0,
    0.5714285714285715,
    0,
    0,
    1.0,
    1.0,
    1.0,
    0,
    0,
    0,
    0.888888888888889,
    0,
    0.28571428571428575,
    0,
    0,
    0,
    0,
    0,
    0,
    1.0,
    0.2,
    0.28571428571428575,
    0.6666666666666666,
    0,
    0,
    0,
    0.4,
    0,
    1.0,
    0,
    0,
    0,
    0,
    0,
    0.4000000000000001,
    0.4444444444444445,
    0,
    0,
    0,
    0,
    0,
    0,
    0.16666666666666666,
    0.48,
    0.23076923076923078,
    0.7058823529411765,
    0,
    0.8,
    0,
    1.0,
    0.5333333333333333,
    0,
    0,
    0.3636363636363636,
    0,
    0.5263157894736842,
    1.0,
    0
  ],
  "generation_times": [
    2.439178166911006,
    3.7271758699789643,
    1.8709165160544217,
    1.2260298891924322,
    1.424713671207428,
    4.958854933734983,
    1.1868127309717238,
    2.043519888073206,
    1.521872772835195,
    1.5044471798464656,
    1.686535604763776,
    1.6246014162898064,
    2.30631212471053,
    1.8325302749872208,
    1.568809030111879,
    1.7100559938699007,
    1.634101948235184,
    1.5116972117684782,
    1.6434360039420426,
    1.7422140818089247,
    1.8892887439578772,
    1.0760741331614554,
    2.66354552609846,
    2.471453243866563,
    1.8841358139179647,
    2.340446566231549,
    1.8644305751658976,
    1.8935794117860496,
    1.6164607140235603,
    2.05297416402027,
    4.775035522412509,
    1.2976990272291005,
    1.468933321069926,
    1.9754000226967037,
    2.323281789198518,
    6.503605213016272,
    1.3481169631704688,
    1.916670748963952,
    3.416719250846654,
    3.5105345910415053,
    2.0298339310102165,
    2.471963157877326,
    1.845925928093493,
    1.62544188182801,
    1.5986623037606478,
    1.6854771487414837,
    1.5862722001038492,
    1.4336265758611262,
    1.4634691695682704,
    1.53451895294711,
    1.576898907776922,
    1.553246980998665,
    1.3268663212656975,
    1.1121936370618641,
    1.8501929170452058,
    1.351598221808672,
    3.4030853477306664,
    1.3049950152635574,
    1.4992911899462342,
    1.4777348949573934,
    1.7581382389180362,
    1.5301792807877064,
    1.3265972156077623,
    1.1432257541455328,
    3.9155236263759434,
    1.6963676968589425,
    1.2146235867403448,
    2.0201233280822635,
    2.3247745661064982,
    1.6456257486715913,
    1.8445422919467092,
    1.99256375990808,
    6.641419154126197,
    3.020274851936847,
    6.16426707431674,
    1.7113036322407424,
    3.1578863905742764,
    1.9759186757728457,
    1.8794246753677726,
    2.0758028742857277,
    1.4859965881332755,
    1.8823759010992944,
    1.6292955079115927,
    1.4942482500337064,
    1.7929746368899941,
    1.3356906226836145,
    1.894657445140183,
    2.449224039912224,
    1.958111367188394,
    3.43224740261212,
    2.021218389738351,
    2.491679398342967,
    2.0153681528754532,
    2.0343795740045607,
    1.5064190127886832,
    1.8881790139712393,
    1.8779260190203786,
    1.6269905236549675,
    1.6392975538037717,
    1.2852817960083485,
    1.2472693212330341,
    1.3007136979140341,
    2.2563732462003827,
    3.1988661596551538,
    1.4796023578383029,
    1.6873044869862497,
    1.8508997838944197,
    2.119516170118004,
    1.4212707187980413,
    1.8575529288500547,
    1.3638445078395307,
    1.6676231641322374,
    2.1185683850198984,
    2.024204984307289,
    1.5521496580913663,
    1.7450930238701403,
    2.0072645558975637,
    1.4671097942627966,
    1.7883611689321697,
    2.082187994848937,
    2.2100722319446504,
    1.8344823499210179,
    5.469086389057338,
    1.1808007475920022,
    1.9741277969442308,
    1.3728769118897617,
    1.987701263744384,
    1.7864221720956266,
    1.6534981559962034,
    4.944621135015041,
    1.7458653850480914,
    4.865277932956815,
    1.7713553281500936,
    1.53985701687634,
    2.647621988784522,
    5.264718193095177,
    5.235704705119133,
    3.270065549761057,
    1.6911103860475123,
    1.4364044670946896,
    1.9143660948611796,
    1.500245755072683,
    2.0374301220290363,
    5.64734204672277,
    1.4947020690888166,
    2.2959123738110065,
    1.7389195458963513,
    3.8289790670387447,
    1.4304226809181273,
    1.7952070981264114
  ],
  "mean_f1": 0.22337227074038224,
  "mean_time": 2.145097413485249
}