{
  "f1_scores": [
    0.6666666666666666,
    0.16666666666666669,
    0,
    0,
    1.0,
    0,
    0,
    0,
    0.5714285714285713,
    0,
    0,
    0.6666666666666666,
    1.0,
    0,
    0.6666666666666666,
    0,
    0,
    0.5,
    0,
    1.0,
    0,
    0,
    0,
    0.2,
    0,
    0.20000000000000004,
    0,
    0.75,
    0,
    0,
    0,
    0,
    0.3333333333333333,
    0.5714285714285715,
    0.6,
    0,
    0.3333333333333333,
    0,
    0,
    0.09523809523809525,
    0,
    0.20000000000000004,
    0,
    1.0,
    0.25,
    0.125,
    0.25,
    0,
    0,
    0,
    0,
    0,
    0,
    0,
    0.8571428571428571,
    0,
    0,
    0,
    0,
    1.0,
    0,
    0.25,
    0.6666666666666666,
    0,
    0,
    0.8333333333333334,
    0,
    1.0,
    0,
    0,
    0,
    1.0,
    0,
    0.6666666666666666,
    0.14814814814814814,
    0,
    0,
    0,
    0.6666666666666665,
    0,
    0,
    0,
    0,
    1.0,
    1.0,
    0,
    1.0,
    0,
    0,
    0,
    0,
    0,
    0,
    0.5714285714285715,
    0,
    0,
    1.0,
    1.0,
    1.0,
    0.33333333333333337,
    0.14285714285714288,
    0,
    0,
    0.16666666666666666,
    0.28571428571428575,
    1.0,
    0,
    0,
    0.5,
    0,
    0,
    1.0,
    0.2,
    0.6666666666666666,
    0.6666666666666666,
    0,
    0,
    0,
    1.0,
    0,
    1.0,
    0,
    0,
    0,
    0,
    0,
    0,
    0.4444444444444445,
    0,
    0,
    0,
    0,
    0,
    0,
    0,
    0.48,
    0.23076923076923078,
    0.3125,
    0.2105263157894737,
    0.8,
    0,
    1.0,
    0,
    0,
    0,
    0.3636363636363636,
    0,
    0.5263157894736842,
    1.0,
    0
  ],
  "generation_times": [
    9.193096073810011,
    36.23275300487876,
    13.046677806880325,
    15.91519120382145,
    10.068522051908076,
    47.96035796729848,
    1.3583482578396797,
    1.5156306331045926,
    18.080181375145912,
    1.4883050960488617,
    1.5299763451330364,
    2.5208351057954133,
    2.539497593883425,
    1.8551439209841192,
    1.589375576004386,
    2.055946071166545,
    1.5098162102513015,
    1.5335475378669798,
    1.678023942746222,
    1.979403086937964,
    1.8199613438919187,
    1.0374768190085888,
    2.6508864061906934,
    2.6016634376719594,
    1.917780484072864,
    2.308078261092305,
    1.160119418054819,
    1.7721378719434142,
    1.6785000911913812,
    2.014774716924876,
    4.727795640006661,
    1.2872722069732845,
    1.483217899221927,
    1.9174630618654191,
    2.2920975140295923,
    6.167690826114267,
    2.0397943193092942,
    1.7444603871554136,
    3.4304438810795546,
    3.4447909337468445,
    2.2089608958922327,
    2.509037076961249,
    1.818518502637744,
    1.6488891569897532,
    1.4877069788053632,
    1.7147799800150096,
    1.6164885722100735,
    1.4293774734251201,
    1.4636574210599065,
    1.5407172990962863,
    1.5906004668213427,
    1.5652943598106503,
    1.371600987855345,
    1.163163488265127,
    1.9731733319349587,
    1.3749859663657844,
    2.2634097766131163,
    1.3464624960906804,
    1.557347398251295,
    1.5497452849522233,
    1.8004950368776917,
    1.4471396608278155,
    1.4858065592125058,
    1.0312729319557548,
    3.946581211872399,
    2.484502041246742,
    1.2663233918137848,
    2.196983973030001,
    2.613067513331771,
    1.6069887480698526,
    2.0361871500499547,
    4.750049338210374,
    28.0818569813855,
    15.719108813907951,
    19.467407962307334,
    2.422052721027285,
    3.019149993080646,
    2.0741538600996137,
    1.8604973549954593,
    2.00089479284361,
    1.5408932827413082,
    1.971463254187256,
    1.2245530909858644,
    1.4819330326281488,
    1.8112279921770096,
    1.5495603121817112,
    1.7699207398109138,
    2.510761293116957,
    1.8187053757719696,
    5.348493351135403,
    2.0673556849360466,
    2.525297208689153,
    1.906968745868653,
    1.955497105140239,
    1.5430014859884977,
    1.722898816689849,
    1.870650090277195,
    1.7022418258711696,
    1.621352769434452,
    2.210879755206406,
    3.679241177160293,
    1.3056655991822481,
    1.5028031948022544,
    3.4206440639682114,
    1.4898504479788244,
    2.6722983489744365,
    4.947807388845831,
    1.6373989302664995,
    1.4444460207596421,
    1.9861427661962807,
    1.3301474987529218,
    1.6663338229991496,
    2.011027301196009,
    1.5960788987576962,
    1.537248418200761,
    1.7201950079761446,
    1.9853208498097956,
    1.462466747034341,
    2.082027048803866,
    1.923961522988975,
    2.150986128952354,
    2.079262984916568,
    5.174364684615284,
    1.2057901620864868,
    1.9139016391709447,
    1.3375733867287636,
    2.1357572549022734,
    1.6778863449580967,
    1.680424489080906,
    4.651940984185785,
    1.7566971369087696,
    4.626550195738673,
    1.6366247087717056,
    1.5241830009035766,
    1.601550541818142,
    5.016695745289326,
    5.289712155237794,
    5.870634227991104,
    3.324392363894731,
    1.4997395481914282,
    2.034465234261006,
    1.5102809891104698,
    1.7491995147429407,
    5.525707221124321,
    1.5486229849047959,
    2.3002377580851316,
    1.867182018700987,
    3.7141696070320904,
    1.457054059021175,
    1.6571416920050979
  ],
  "mean_f1": 0.24757718924999628,
  "mean_time": 3.4448330690804867
}