{
  "f1_scores": [
    0,
    0,
    0,
    0,
    0,
    0,
    0,
    0,
    0,
    0,
    0,
    0,
    0,
    0,
    0,
    0,
    0,
    0,
    0,
    0,
    0,
    0,
    0,
    0,
    0,
    0,
    0,
    0,
    0,
    0,
    0,
    0,
    0.08333333333333334,
    0,
    0,
    0,
    0,
    0,
    0,
    0.2962962962962963,
    0.22222222222222218,
    0.07142857142857142,
    0,
    0,
    0,
    0,
    0,
    0,
    0,
    0,
    0,
    0,
    0,
    0,
    0,
    0,
    0,
    0,
    0,
    0.08695652173913042,
    0.07692307692307693,
    0,
    0,
    0,
    0,
    0,
    0,
    0,
    0,
    0,
    0.1818181818181818,
    0.08333333333333333,
    0.08695652173913045,
    0,
    0,
    0,
    0,
    0,
    0,
    0,
    0,
    0,
    0,
    0,
    0,
    0,
    0,
    0,
    0,
    0,
    0,
    0,
    0,
    0,
    0,
    0,
    0.1739130434782609,
    0.08,
    0,
    0,
    0,
    0,
    0,
    0,
    0,
    0,
    0,
    0,
    0,
    0,
    0,
    0,
    0.08333333333333334,
    0,
    0,
    0,
    0,
    0,
    0,
    0,
    0,
    0,
    0,
    0,
    0,
    0,
    0.06896551724137931,
    0.07407407407407407,
    0.09523809523809523,
    0.07407407407407408,
    0,
    0,
    0,
    0,
    0,
    0,
    0,
    0,
    0,
    0,
    0,
    0,
    0,
    0,
    0,
    0.07692307692307691,
    0,
    0,
    0,
    0.08695652173913045
  ],
  "generation_times": [
    40.4680369514972,
    10.737599447369576,
    39.77631170768291,
    10.88328692689538,
    10.927619143389165,
    10.638724438846111,
    10.601422215811908,
    10.956407221965492,
    11.166360043920577,
    10.938803615048528,
    10.864167220890522,
    10.980563713237643,
    11.185334231704473,
    10.198542561382055,
    10.623777851462364,
    11.353473400697112,
    11.059011118486524,
    11.110156323760748,
    11.13732048496604,
    10.683751274831593,
    10.773461055010557,
    11.290719898417592,
    11.751853183843195,
    10.744537957943976,
    11.122533653862774,
    11.846904141828418,
    10.920113170519471,
    15.25151017587632,
    35.42206996958703,
    11.213157736696303,
    9.840366099961102,
    11.016543451696634,
    10.863859956152737,
    9.972159800119698,
    10.85774977505207,
    11.07652501296252,
    11.310054635629058,
    11.328246471472085,
    10.942809458822012,
    10.816250364296138,
    11.043333914130926,
    12.678681851364672,
    9.207895763218403,
    10.692342071793973,
    10.656571614556015,
    11.204341403208673,
    11.17167907487601,
    11.183701804839075,
    62.195750650018454,
    11.49096647836268,
    10.686931623145938,
    11.451195857487619,
    11.278039525263011,
    10.088309049606323,
    10.925941409543157,
    11.38450211752206,
    10.856464489363134,
    11.070855526253581,
    11.043445685878396,
    11.44704194739461,
    10.287202126346529,
    10.159683688543737,
    11.276834609918296,
    11.171940051950514,
    10.534677761606872,
    11.232214818708599,
    10.526066736318171,
    11.891620923765004,
    10.900538076646626,
    11.033498995937407,
    9.971054001711309,
    11.08071917295456,
    11.272436329163611,
    13.889949221163988,
    13.521986366249621,
    14.125392375513911,
    10.74205856770277,
    11.203616362065077,
    10.466503937728703,
    11.196356810629368,
    10.972333546727896,
    12.247547338716686,
    11.28373335301876,
    11.346037664450705,
    10.915089287795126,
    11.309426311403513,
    11.098329178988934,
    10.963915525004268,
    13.27307215705514,
    12.790903011336923,
    13.500928469002247,
    10.82097630109638,
    10.864363234490156,
    10.08774040825665,
    10.523721039295197,
    11.430069524794817,
    12.222995611838996,
    10.998189880512655,
    10.995050392113626,
    10.952597093768418,
    10.475210146047175,
    10.974260681308806,
    9.795005588792264,
    11.37457934487611,
    10.06914122775197,
    11.23870281688869,
    11.665846481919289,
    11.061180624179542,
    11.117580133490264,
    11.13270983658731,
    10.070505699142814,
    10.740140510722995,
    10.5969892218709,
    11.6147367535159,
    11.676174769178033,
    10.059856090694666,
    13.815502938814461,
    9.90734701231122,
    10.702215110883117,
    12.00298455171287,
    10.834166907705367,
    11.916878779418766,
    11.108027181588113,
    10.54606758709997,
    9.971101047471166,
    10.494565991684794,
    11.07435935176909,
    10.722130438312888,
    10.792532538995147,
    10.486131091602147,
    11.28999841120094,
    11.531743411906064,
    10.99812436569482,
    11.055113875307143,
    12.00037333369255,
    10.552156164310873,
    11.12986109778285,
    11.127738782204688,
    10.529974932782352,
    10.959189059212804,
    10.645903120748699,
    10.541539791971445,
    11.342214590869844,
    10.3522704327479,
    11.406235300004482,
    11.542206834070385,
    10.998034747317433,
    11.077411406673491,
    10.628243898972869,
    11.70184737816453
  ],
  "mean_f1": 0.013351638632898002,
  "mean_time": 12.006255129184574
}